Record Length,1.024000e+03,,          0.00000, -54.56910,
Sample Interval,1.233033e+00,,          1.23303, -56.56910,
Trigger Point,-0.000000000000e+00,,          2.46607, -46.96910,
,,,          3.69910, -53.36910,
,,,          4.93213, -59.76910,
,,,          6.16517, -58.96910,
Source,FFT,,          7.39820, -69.76910,
Vertical Units,dB,,          8.63123, -66.56910,
Vertical Scale,1.000000e+01,,          9.86427, -73.76910,
Vertical Offset,0.000000e+00,,         11.09730, -70.56910,
Horizontal Units,Hz,,         12.33033, -64.96910,
Horizontal Scale,1.262626e+02,,         13.56337, -66.16910,
Pt Fmt,Y,,         14.79640, -80.56910,
Yzero,-4.096910e+01,,         16.02943, -70.96910,
Probe Atten,1.000000e+00,,         17.26247, -70.16910,
Model Number,TBS1102B,,         18.49550, -72.56910,
Serial Number,C032210,,         19.72854, -68.56910,
Firmware Version,FV:v4.06,,         20.96157, -70.96910,
,,,22.19460, -68.56910,
,,,23.42763, -70.56910,
,,,24.66066, -69.36910,
,,,25.89369, -67.76910,
,,,27.12672, -67.76910,
,,,28.35975, -68.16910,
,,,29.59278, -66.96910,
,,,30.82581, -70.16910,
,,,32.05884, -68.96910,
,,,33.29187, -69.36910,
,,,34.52490, -66.16910,
,,,35.75793, -66.16910,
,,,36.99096, -66.56910,
,,,38.22399, -65.76910,
,,,39.45702, -65.36910,
,,,40.69005, -66.96910,
,,,41.92308, -65.76910,
,,,43.15611, -64.56910,
,,,44.38914, -64.56910,
,,,45.62217, -64.56910,
,,,46.85520, -64.16910,
,,,48.08823, -63.76910,
,,,49.32126, -63.36910,
,,,50.55429, -64.16910,
,,,51.78732, -62.96910,
,,,53.02035, -62.96910,
,,,54.25338, -61.76910,
,,,55.48641, -61.36910,
,,,56.71944, -60.96910,
,,,57.95247, -61.36910,
,,,59.18550, -62.16910,
,,,60.41853, -61.76910,
,,,61.65156, -59.76910,
,,,62.88459, -59.76910,
,,,64.11762, -60.56910,
,,,65.35065, -59.36910,
,,,66.58368, -59.76910,
,,,67.81671, -58.56910,
,,,69.04974, -58.96910,
,,,70.28277, -58.16910,
,,,71.51580, -57.36910,
,,,72.74883, -57.36910,
,,,73.98186, -56.16910,
,,,75.21489, -56.16910,
,,,76.44792, -56.16910,
,,,77.68095, -54.56910,
,,,78.91398, -54.56910,
,,,80.14701, -54.16910,
,,,81.38004, -53.36910,
,,,82.61307, -52.16910,
,,,83.84610, -52.56910,
,,,85.07913, -51.36910,
,,,86.31216, -50.56910,
,,,87.54519, -49.76910,
,,,88.77822, -48.96910,
,,,90.01125, -48.56910,
,,,91.24428, -47.36910,
,,,92.47731, -44.16910,
,,,93.71034, -44.16910,
,,,94.94337, -43.36910,
,,,96.17640, -40.56910,
,,,97.40943, -38.56910,
,,,98.64246, -32.96910,
,,,99.87549, -26.56910,
,,,101.10852, -12.96910,
,,,102.34155, -29.76910,
,,,103.57458, -34.56910,
,,,104.80761, -38.16910,
,,,106.04064, -40.16910,
,,,107.27367, -43.76910,
,,,108.50670, -44.56910,
,,,109.73973, -44.16910,
,,,110.97276, -46.56910,
,,,112.20579, -47.76910,
,,,113.43882, -48.16910,
,,,114.67185, -49.36910,
,,,115.90488, -49.36910,
,,,117.13791, -50.56910,
,,,118.37094, -51.36910,
,,,119.60397, -50.96910,
,,,120.83700, -51.76910,
,,,122.07003, -52.56910,
,,,123.30306, -52.96910,
,,,124.53609, -53.36910,
,,,125.76912, -53.76910,
,,,127.00215, -54.56910,
,,,128.23518, -54.16910,
,,,129.46821, -54.56910,
,,,130.70124, -55.36910,
,,,131.93427, -55.76910,
,,,133.16730, -56.16910,
,,,134.40033, -56.56910,
,,,135.63336, -56.56910,
,,,136.86639, -56.16910,
,,,138.09942, -57.76910,
,,,139.33245, -57.76910,
,,,140.56548, -58.16910,
,,,141.79851, -58.16910,
,,,143.03154, -57.76910,
,,,144.26457, -58.96910,
,,,145.49760, -57.36910,
,,,146.73063, -58.56910,
,,,147.96366, -58.96910,
,,,149.19669, -59.76910,
,,,150.42972, -58.56910,
,,,151.66275, -59.76910,
,,,152.89578, -59.76910,
,,,154.12881, -60.16910,
,,,155.36184, -60.16910,
,,,156.59487, -60.56910,
,,,157.82790, -60.16910,
,,,159.06093, -60.16910,
,,,160.29396, -60.16910,
,,,161.52699, -60.56910,
,,,162.76002, -60.56910,
,,,163.99305, -61.36910,
,,,165.22608, -61.76910,
,,,166.45911, -60.96910,
,,,167.69214, -61.36910,
,,,168.92517, -60.96910,
,,,170.15820, -60.96910,
,,,171.39123, -62.16910,
,,,172.62426, -61.76910,
,,,173.85729, -62.56910,
,,,175.09032, -62.56910,
,,,176.32335, -60.96910,
,,,177.55638, -60.96910,
,,,178.78941, -62.56910,
,,,180.02244, -61.76910,
,,,181.25547, -60.96910,
,,,182.48850, -62.16910,
,,,183.72153, -61.76910,
,,,184.95456, -62.16910,
,,,186.18759, -61.36910,
,,,187.42062, -62.56910,
,,,188.65365, -63.36910,
,,,189.88668, -60.96910,
,,,191.11971, -62.16910,
,,,192.35274, -61.36910,
,,,193.58577, -59.76910,
,,,194.81880, -60.16910,
,,,196.05183, -55.36910,
,,,197.28486, -58.16910,
,,,198.51789, -49.36910,
,,,199.75092, -57.36910,
,,,200.98395, -54.56910,
,,,202.21698, -50.56910,
,,,203.45001, -62.56910,
,,,204.68304, -43.36910,
,,,205.91607, -69.36910,
,,,207.14910, -61.36910,
,,,208.38213, -62.56910,
,,,209.61516, -66.56910,
,,,210.84819, -62.16910,
,,,212.08122, -64.16910,
,,,213.31425, -60.96910,
,,,214.54728, -67.76910,
,,,215.78031, -63.76910,
,,,217.01334, -67.76910,
,,,218.24637, -66.56910,
,,,219.47940, -68.96910,
,,,220.71243, -67.76910,
,,,221.94546, -67.36910,
,,,223.17849, -66.96910,
,,,224.41152, -69.76910,
,,,225.64455, -66.96910,
,,,226.87758, -67.36910,
,,,228.11061, -68.56910,
,,,229.34364, -67.36910,
,,,230.57667, -67.36910,
,,,231.80970, -66.96910,
,,,233.04273, -68.56910,
,,,234.27576, -69.76910,
,,,235.50879, -69.36910,
,,,236.74182, -68.96910,
,,,237.97485, -67.76910,
,,,239.20788, -68.16910,
,,,240.44091, -68.16910,
,,,241.67394, -67.36910,
,,,242.90697, -68.96910,
,,,244.14000, -68.16910,
,,,245.37303, -70.56910,
,,,246.60606, -67.76910,
,,,247.83909, -67.36910,
,,,249.07212, -68.16910,
,,,250.30515, -68.16910,
,,,251.53818, -70.56910,
,,,252.77121, -68.96910,
,,,254.00424, -69.36910,
,,,255.23727, -68.96910,
,,,256.47030, -70.96910,
,,,257.70333, -68.16910,
,,,258.93636, -68.56910,
,,,260.16939, -70.96910,
,,,261.40242, -69.36910,
,,,262.63545, -66.96910,
,,,263.86848, -68.16910,
,,,265.10151, -70.16910,
,,,266.33454, -68.16910,
,,,267.56757, -71.76910,
,,,268.80060, -69.36910,
,,,270.03363, -69.76910,
,,,271.26666, -68.16910,
,,,272.49969, -69.76910,
,,,273.73272, -68.96910,
,,,274.96575, -68.96910,
,,,276.19878, -68.96910,
,,,277.43181, -66.56910,
,,,278.66484, -66.96910,
,,,279.89787, -71.76910,
,,,281.13090, -68.96910,
,,,282.36393, -68.96910,
,,,283.59696, -68.56910,
,,,284.82999, -72.96910,
,,,286.06302, -66.16910,
,,,287.29605, -69.76910,
,,,288.52908, -65.76910,
,,,289.76211, -66.16910,
,,,290.99514, -71.76910,
,,,292.22817, -61.76910,
,,,293.46120, -58.16910,
,,,294.69423, -64.96910,
,,,295.92726, -62.16910,
,,,297.16029, -61.36910,
,,,298.39332, -57.36910,
,,,299.62635, -48.16910,
,,,300.85938, -50.16910,
,,,302.09241, -40.16910,
,,,303.32544, -40.96910,
,,,304.55847, -49.76910,
,,,305.79150, -53.36910,
,,,307.02453, -56.16910,
,,,308.25756, -53.76910,
,,,309.49059, -59.76910,
,,,310.72362, -62.16910,
,,,311.95665, -57.36910,
,,,313.18968, -61.76910,
,,,314.42271, -62.96910,
,,,315.65574, -62.56910,
,,,316.88877, -64.56910,
,,,318.12180, -62.96910,
,,,319.35483, -65.76910,
,,,320.58786, -65.76910,
,,,321.82089, -64.96910,
,,,323.05392, -64.96910,
,,,324.28695, -66.96910,
,,,325.51998, -66.96910,
,,,326.75301, -68.16910,
,,,327.98604, -66.16910,
,,,329.21907, -68.96910,
,,,330.45210, -66.16910,
,,,331.68513, -65.76910,
,,,332.91816, -69.36910,
,,,334.15119, -68.96910,
,,,335.38422, -67.76910,
,,,336.61725, -68.16910,
,,,337.85028, -69.36910,
,,,339.08331, -67.76910,
,,,340.31634, -69.36910,
,,,341.54937, -69.76910,
,,,342.78240, -70.96910,
,,,344.01543, -66.96910,
,,,345.24846, -70.16910,
,,,346.48149, -72.16910,
,,,347.71452, -68.96910,
,,,348.94755, -68.96910,
,,,350.18058, -68.96910,
,,,351.41361, -70.16910,
,,,352.64664, -71.76910,
,,,353.87967, -69.36910,
,,,355.11270, -68.16910,
,,,356.34573, -72.96910,
,,,357.57876, -70.16910,
,,,358.81179, -69.36910,
,,,360.04482, -73.76910,
,,,361.27785, -70.56910,
,,,362.51088, -69.76910,
,,,363.74391, -74.96910,
,,,364.97694, -69.36910,
,,,366.20997, -70.56910,
,,,367.44300, -70.56910,
,,,368.67603, -70.96910,
,,,369.90906, -68.56910,
,,,371.14209, -76.16910,
,,,372.37512, -70.16910,
,,,373.60815, -77.36910,
,,,374.84118, -72.16910,
,,,376.07421, -69.36910,
,,,377.30724, -72.56910,
,,,378.54027, -71.36910,
,,,379.77330, -72.96910,
,,,381.00633, -69.76910,
,,,382.23936, -70.56910,
,,,383.47239, -69.76910,
,,,384.70542, -72.16910,
,,,385.93845, -69.76910,
,,,387.17148, -70.56910,
,,,388.40451, -71.36910,
,,,389.63754, -69.36910,
,,,390.87057, -69.36910,
,,,392.10360, -66.96910,
,,,393.33663, -75.76910,
,,,394.56966, -78.96910,
,,,395.80269, -63.36910,
,,,397.03572, -57.36910,
,,,398.26875, -57.76910,
,,,399.50178, -64.56910,
,,,400.73481, -51.76910,
,,,401.96784, -55.76910,
,,,403.20087, -44.56910,
,,,404.43390, -52.96910,
,,,405.66693, -51.76910,
,,,406.89996, -43.76910,
,,,408.13299, -54.16910,
,,,409.36602, -62.56910,
,,,410.59905, -60.56910,
,,,411.83208, -68.56910,
,,,413.06511, -57.36910,
,,,414.29814, -58.96910,
,,,415.53117, -73.36910,
,,,416.76420, -67.36910,
,,,417.99723, -64.96910,
,,,419.23026, -66.16910,
,,,420.46329, -66.56910,
,,,421.69632, -68.96910,
,,,422.92935, -68.16910,
,,,424.16238, -66.56910,
,,,425.39541, -70.16910,
,,,426.62844, -68.16910,
,,,427.86147, -66.96910,
,,,429.09450, -66.56910,
,,,430.32753, -69.36910,
,,,431.56056, -69.76910,
,,,432.79359, -68.16910,
,,,434.02662, -68.16910,
,,,435.25965, -70.96910,
,,,436.49268, -69.36910,
,,,437.72571, -67.76910,
,,,438.95874, -70.96910,
,,,440.19177, -71.36910,
,,,441.42480, -68.16910,
,,,442.65783, -72.56910,
,,,443.89086, -70.96910,
,,,445.12389, -71.76910,
,,,446.35692, -69.36910,
,,,447.58995, -72.16910,
,,,448.82298, -72.16910,
,,,450.05601, -72.96910,
,,,451.28904, -72.96910,
,,,452.52207, -69.76910,
,,,453.75510, -69.76910,
,,,454.98813, -70.56910,
,,,456.22116, -71.36910,
,,,457.45419, -71.36910,
,,,458.68722, -68.96910,
,,,459.92025, -70.96910,
,,,461.15328, -75.36910,
,,,462.38631, -71.76910,
,,,463.61934, -71.36910,
,,,464.85237, -73.76910,
,,,466.08540, -76.16910,
,,,467.31843, -68.96910,
,,,468.55146, -72.16910,
,,,469.78449, -74.16910,
,,,471.01752, -72.96910,
,,,472.25055, -70.56910,
,,,473.48358, -71.76910,
,,,474.71661, -74.56910,
,,,475.94964, -72.16910,
,,,477.18267, -71.76910,
,,,478.41570, -73.76910,
,,,479.64873, -76.96910,
,,,480.88176, -72.16910,
,,,482.11479, -72.96910,
,,,483.34782, -70.16910,
,,,484.58085, -69.76910,
,,,485.81388, -74.16910,
,,,487.04691, -78.96910,
,,,488.27994, -78.96910,
,,,489.51297, -77.76910,
,,,490.74600, -80.96910,
,,,491.97903, -76.16910,
,,,493.21206, -72.96910,
,,,494.44509, -80.96910,
,,,495.67812, -60.56910,
,,,496.91115, -80.96910,
,,,498.14418, -72.96910,
,,,499.37721, -64.16910,
,,,500.61024, -60.16910,
,,,501.84327, -49.36910,
,,,503.07630, -57.76910,
,,,504.30933, -38.56910,
,,,505.54236, -53.76910,
,,,506.77539, -53.36910,
,,,508.00842, -55.36910,
,,,509.24145, -60.56910,
,,,510.47448, -54.16910,
,,,511.70751, -68.96910,
,,,512.94054, -68.56910,
,,,514.17357, -63.76910,
,,,515.40660, -67.76910,
,,,516.63963, -65.36910,
,,,517.87266, -66.96910,
,,,519.10569, -67.36910,
,,,520.33872, -67.76910,
,,,521.57175, -68.96910,
,,,522.80478, -67.76910,
,,,524.03781, -69.36910,
,,,525.27084, -71.36910,
,,,526.50387, -69.36910,
,,,527.73690, -70.16910,
,,,528.96993, -70.16910,
,,,530.20296, -69.36910,
,,,531.43599, -72.56910,
,,,532.66902, -68.16910,
,,,533.90205, -68.56910,
,,,535.13508, -71.36910,
,,,536.36811, -71.76910,
,,,537.60114, -69.76910,
,,,538.83417, -68.16910,
,,,540.06720, -70.56910,
,,,541.30023, -71.76910,
,,,542.53326, -69.76910,
,,,543.76629, -72.16910,
,,,544.99932, -73.76910,
,,,546.23235, -69.76910,
,,,547.46538, -74.16910,
,,,548.69841, -71.36910,
,,,549.93144, -78.16910,
,,,551.16447, -73.36910,
,,,552.39750, -71.36910,
,,,553.63053, -76.96910,
,,,554.86356, -68.96910,
,,,556.09659, -69.36910,
,,,557.32962, -71.76910,
,,,558.56265, -75.76910,
,,,559.79568, -74.16910,
,,,561.02871, -73.76910,
,,,562.26174, -75.76910,
,,,563.49477, -69.76910,
,,,564.72780, -72.56910,
,,,565.96083, -71.36910,
,,,567.19386, -71.76910,
,,,568.42689, -72.56910,
,,,569.65992, -73.76910,
,,,570.89295, -72.96910,
,,,572.12598, -73.76910,
,,,573.35901, -73.76910,
,,,574.59204, -73.76910,
,,,575.82507, -71.76910,
,,,577.05810, -72.96910,
,,,578.29113, -74.56910,
,,,579.52416, -73.76910,
,,,580.75719, -73.76910,
,,,581.99022, -77.36910,
,,,583.22325, -73.76910,
,,,584.45628, -78.16910,
,,,585.68931, -77.76910,
,,,586.92234, -75.36910,
,,,588.15537, -80.96910,
,,,589.38840, -80.56910,
,,,590.62143, -66.96910,
,,,591.85446, -75.36910,
,,,593.08749, -76.96910,
,,,594.32052, -72.96910,
,,,595.55355, -79.76910,
,,,596.78658, -64.16910,
,,,598.01961, -73.36910,
,,,599.25264, -55.76910,
,,,600.48567, -62.56910,
,,,601.71870, -62.56910,
,,,602.95173, -67.76910,
,,,604.18476, -70.16910,
,,,605.41779, -41.36910,
,,,606.65082, -57.36910,
,,,607.88385, -44.16910,
,,,609.11688, -49.76910,
,,,610.34991, -56.96910,
,,,611.58294, -59.36910,
,,,612.81597, -62.16910,
,,,614.04900, -68.16910,
,,,615.28203, -60.96910,
,,,616.51506, -58.56910,
,,,617.74809, -68.16910,
,,,618.98112, -66.96910,
,,,620.21415, -70.96910,
,,,621.44718, -66.56910,
,,,622.68021, -66.16910,
,,,623.91324, -68.16910,
,,,625.14627, -68.96910,
,,,626.37930, -66.96910,
,,,627.61233, -66.16910,
,,,628.84536, -70.56910,
,,,630.07839, -68.96910,
,,,631.31142, -67.36910,
,,,632.54445, -67.36910,
,,,633.77748, -67.36910,
,,,635.01051, -68.56910,
,,,636.24354, -68.56910,
,,,637.47657, -69.76910,
,,,638.70960, -71.36910,
,,,639.94263, -68.96910,
,,,641.17566, -68.16910,
,,,642.40869, -69.76910,
,,,643.64172, -71.76910,
,,,644.87475, -67.76910,
,,,646.10778, -68.16910,
,,,647.34081, -70.56910,
,,,648.57384, -70.56910,
,,,649.80687, -69.76910,
,,,651.03990, -70.96910,
,,,652.27293, -70.56910,
,,,653.50596, -72.16910,
,,,654.73899, -71.76910,
,,,655.97202, -72.56910,
,,,657.20505, -70.96910,
,,,658.43808, -70.96910,
,,,659.67111, -70.96910,
,,,660.90414, -68.56910,
,,,662.13717, -69.36910,
,,,663.37020, -69.76910,
,,,664.60323, -69.76910,
,,,665.83626, -69.76910,
,,,667.06929, -69.36910,
,,,668.30232, -71.36910,
,,,669.53535, -70.96910,
,,,670.76838, -73.36910,
,,,672.00141, -67.36910,
,,,673.23444, -66.96910,
,,,674.46747, -69.36910,
,,,675.70050, -67.76910,
,,,676.93353, -68.96910,
,,,678.16656, -68.16910,
,,,679.39959, -70.56910,
,,,680.63262, -67.76910,
,,,681.86565, -70.96910,
,,,683.09868, -67.76910,
,,,684.33171, -66.96910,
,,,685.56474, -68.16910,
,,,686.79777, -66.96910,
,,,688.03080, -66.16910,
,,,689.26383, -68.96910,
,,,690.49686, -73.76910,
,,,691.72989, -66.56910,
,,,692.96292, -68.96910,
,,,694.19595, -70.16910,
,,,695.42898, -63.76910,
,,,696.66201, -63.76910,
,,,697.89504, -60.56910,
,,,699.12807, -63.76910,
,,,700.36110, -61.76910,
,,,701.59413, -58.96910,
,,,702.82716, -51.36910,
,,,704.06019, -53.36910,
,,,705.29322, -51.36910,
,,,706.52625, -42.16910,
,,,707.75928, -56.96910,
,,,708.99231, -47.36910,
,,,710.22534, -58.96910,
,,,711.45837, -55.76910,
,,,712.69140, -58.56910,
,,,713.92443, -69.76910,
,,,715.15746, -68.96910,
,,,716.39049, -80.96910,
,,,717.62352, -70.56910,
,,,718.85655, -72.96910,
,,,720.08958, -71.76910,
,,,721.32261, -74.96910,
,,,722.55564, -80.96910,
,,,723.78867, -76.96910,
,,,725.02170, -74.96910,
,,,726.25473, -76.96910,
,,,727.48776, -74.96910,
,,,728.72079, -72.96910,
,,,729.95382, -79.76910,
,,,731.18685, -73.36910,
,,,732.41988, -77.36910,
,,,733.65291, -80.56910,
,,,734.88594, -73.76910,
,,,736.11897, -78.96910,
,,,737.35200, -77.36910,
,,,738.58503, -72.96910,
,,,739.81806, -74.56910,
,,,741.05109, -74.16910,
,,,742.28412, -73.36910,
,,,743.51715, -74.96910,
,,,744.75018, -75.76910,
,,,745.98321, -71.76910,
,,,747.21624, -72.96910,
,,,748.44927, -72.16910,
,,,749.68230, -70.56910,
,,,750.91533, -71.76910,
,,,752.14836, -72.96910,
,,,753.38139, -70.56910,
,,,754.61442, -72.16910,
,,,755.84745, -74.16910,
,,,757.08048, -78.16910,
,,,758.31351, -69.76910,
,,,759.54654, -71.76910,
,,,760.77957, -73.76910,
,,,762.01260, -71.76910,
,,,763.24563, -69.76910,
,,,764.47866, -74.16910,
,,,765.71169, -75.76910,
,,,766.94472, -72.96910,
,,,768.17775, -73.76910,
,,,769.41078, -69.76910,
,,,770.64381, -71.76910,
,,,771.87684, -71.76910,
,,,773.10987, -71.36910,
,,,774.34290, -70.16910,
,,,775.57593, -75.76910,
,,,776.80896, -68.56910,
,,,778.04199, -69.76910,
,,,779.27502, -72.16910,
,,,780.50805, -69.36910,
,,,781.74108, -71.36910,
,,,782.97411, -71.36910,
,,,784.20714, -67.36910,
,,,785.44017, -69.76910,
,,,786.67320, -70.96910,
,,,787.90623, -67.76910,
,,,789.13926, -66.96910,
,,,790.37229, -70.56910,
,,,791.60532, -72.16910,
,,,792.83835, -64.96910,
,,,794.07138, -65.76910,
,,,795.30441, -68.16910,
,,,796.53744, -65.76910,
,,,797.77047, -70.96910,
,,,799.00350, -58.56910,
,,,800.23653, -59.76910,
,,,801.46956, -58.56910,
,,,802.70259, -60.16910,
,,,803.93562, -56.96910,
,,,805.16865, -53.76910,
,,,806.40168, -45.76910,
,,,807.63471, -42.96910,
,,,808.86774, -54.56910,
,,,810.10077, -42.96910,
,,,811.33380, -61.76910,
,,,812.56683, -59.76910,
,,,813.79986, -64.96910,
,,,815.03289, -64.16910,
,,,816.26592, -59.76910,
,,,817.49895, -67.76910,
,,,818.73198, -64.96910,
,,,819.96501, -71.76910,
,,,821.19804, -80.96910,
,,,822.43107, -71.76910,
,,,823.66410, -76.56910,
,,,824.89713, -80.56910,
,,,826.13016, -76.16910,
,,,827.36319, -72.96910,
,,,828.59622, -75.36910,
,,,829.82925, -70.56910,
,,,831.06228, -80.96910,
,,,832.29531, -75.76910,
,,,833.52834, -80.56910,
,,,834.76137, -72.16910,
,,,835.99440, -80.56910,
,,,837.22743, -76.16910,
,,,838.46046, -77.76910,
,,,839.69349, -74.16910,
,,,840.92652, -72.96910,
,,,842.15955, -77.36910,
,,,843.39258, -73.36910,
,,,844.62561, -74.96910,
,,,845.85864, -72.96910,
,,,847.09167, -74.56910,
,,,848.32470, -77.76910,
,,,849.55773, -71.76910,
,,,850.79076, -73.36910,
,,,852.02379, -80.96910,
,,,853.25682, -76.96910,
,,,854.48985, -73.76910,
,,,855.72288, -77.76910,
,,,856.95591, -77.76910,
,,,858.18894, -72.16910,
,,,859.42197, -69.76910,
,,,860.65500, -73.76910,
,,,861.88803, -76.96910,
,,,863.12106, -74.96910,
,,,864.35409, -72.96910,
,,,865.58712, -74.56910,
,,,866.82015, -76.16910,
,,,868.05318, -76.96910,
,,,869.28621, -74.16910,
,,,870.51924, -71.36910,
,,,871.75227, -78.16910,
,,,872.98530, -73.36910,
,,,874.21833, -71.36910,
,,,875.45136, -72.96910,
,,,876.68439, -75.76910,
,,,877.91742, -76.16910,
,,,879.15045, -71.76910,
,,,880.38348, -72.16910,
,,,881.61651, -69.76910,
,,,882.84954, -72.96910,
,,,884.08257, -72.16910,
,,,885.31560, -73.76910,
,,,886.54863, -73.36910,
,,,887.78166, -74.16910,
,,,889.01469, -70.16910,
,,,890.24772, -69.76910,
,,,891.48075, -69.76910,
,,,892.71378, -70.96910,
,,,893.94681, -66.96910,
,,,895.17984, -68.96910,
,,,896.41287, -71.36910,
,,,897.64590, -68.16910,
,,,898.87893, -64.16910,
,,,900.11196, -64.96910,
,,,901.34499, -62.16910,
,,,902.57802, -60.56910,
,,,903.81105, -63.76910,
,,,905.04408, -49.36910,
,,,906.27711, -57.76910,
,,,907.51014, -47.76910,
,,,908.74317, -51.36910,
,,,909.97620, -54.56910,
,,,911.20923, -44.56910,
,,,912.44226, -60.96910,
,,,913.67529, -56.56910,
,,,914.90832, -63.36910,
,,,916.14135, -70.96910,
,,,917.37438, -64.56910,
,,,918.60741, -66.96910,
,,,919.84044, -70.56910,
,,,921.07347, -71.36910,
,,,922.30650, -66.56910,
,,,923.53953, -77.76910,
,,,924.77256, -74.16910,
,,,926.00559, -80.56910,
,,,927.23862, -80.96910,
,,,928.47165, -77.76910,
,,,929.70468, -76.16910,
,,,930.93771, -74.16910,
,,,932.17074, -80.96910,
,,,933.40377, -77.76910,
,,,934.63680, -79.76910,
,,,935.86983, -77.36910,
,,,937.10286, -75.36910,
,,,938.33589, -78.16910,
,,,939.56892, -76.96910,
,,,940.80195, -75.76910,
,,,942.03498, -76.16910,
,,,943.26801, -78.96910,
,,,944.50104, -77.36910,
,,,945.73407, -76.16910,
,,,946.96710, -74.16910,
,,,948.20013, -80.96910,
,,,949.43316, -75.36910,
,,,950.66619, -74.56910,
,,,951.89922, -80.96910,
,,,953.13225, -74.96910,
,,,954.36528, -73.76910,
,,,955.59831, -74.96910,
,,,956.83134, -73.36910,
,,,958.06437, -71.76910,
,,,959.29740, -74.96910,
,,,960.53043, -70.96910,
,,,961.76346, -77.76910,
,,,962.99649, -73.76910,
,,,964.22952, -73.76910,
,,,965.46255, -72.96910,
,,,966.69558, -78.16910,
,,,967.92861, -71.36910,
,,,969.16164, -76.16910,
,,,970.39467, -73.76910,
,,,971.62770, -73.36910,
,,,972.86073, -71.76910,
,,,974.09376, -74.56910,
,,,975.32679, -71.76910,
,,,976.55982, -74.56910,
,,,977.79285, -72.16910,
,,,979.02588, -70.96910,
,,,980.25891, -69.76910,
,,,981.49194, -69.36910,
,,,982.72497, -68.96910,
,,,983.95800, -72.96910,
,,,985.19103, -71.36910,
,,,986.42406, -70.16910,
,,,987.65709, -68.56910,
,,,988.89012, -74.16910,
,,,990.12315, -69.76910,
,,,991.35618, -67.36910,
,,,992.58921, -68.16910,
,,,993.82224, -70.96910,
,,,995.05527, -65.76910,
,,,996.28830, -65.76910,
,,,997.52133, -65.76910,
,,,998.75436, -64.56910,
,,,999.98739, -77.76910,
,,,1001.22042, -60.16910,
,,,1002.45345, -56.16910,
,,,1003.68648, -68.16910,
,,,1004.91951, -62.16910,
,,,1006.15254, -60.96910,
,,,1007.38557, -54.16910,
,,,1008.61860, -40.56910,
,,,1009.85163, -51.36910,
,,,1011.08466, -52.96910,
,,,1012.31769, -46.96910,
,,,1013.55072, -56.56910,
,,,1014.78375, -52.56910,
,,,1016.01678, -65.76910,
,,,1017.24981, -65.76910,
,,,1018.48284, -59.36910,
,,,1019.71587, -62.56910,
,,,1020.94890, -74.96910,
,,,1022.18193, -70.96910,
,,,1023.41496, -75.76910,
,,,1024.64799, -70.96910,
,,,1025.88102, -70.56910,
,,,1027.11405, -74.96910,
,,,1028.34708, -75.36910,
,,,1029.58011, -72.16910,
,,,1030.81314, -75.76910,
,,,1032.04617, -80.96910,
,,,1033.27920, -78.96910,
,,,1034.51223, -76.56910,
,,,1035.74526, -80.56910,
,,,1036.97829, -76.96910,
,,,1038.21132, -80.96910,
,,,1039.44435, -80.96910,
,,,1040.67738, -80.96910,
,,,1041.91041, -80.96910,
,,,1043.14344, -80.96910,
,,,1044.37647, -78.96910,
,,,1045.60950, -80.96910,
,,,1046.84253, -80.56910,
,,,1048.07556, -79.76910,
,,,1049.30859, -80.96910,
,,,1050.54162, -80.96910,
,,,1051.77465, -76.16910,
,,,1053.00768, -80.96910,
,,,1054.24071, -80.96910,
,,,1055.47374, -80.96910,
,,,1056.70677, -80.96910,
,,,1057.93980, -80.96910,
,,,1059.17283, -80.96910,
,,,1060.40586, -80.96910,
,,,1061.63889, -80.96910,
,,,1062.87192, -77.36910,
,,,1064.10495, -80.96910,
,,,1065.33798, -78.96910,
,,,1066.57101, -80.56910,
,,,1067.80404, -80.96910,
,,,1069.03707, -80.96910,
,,,1070.27010, -80.96910,
,,,1071.50313, -78.96910,
,,,1072.73616, -80.96910,
,,,1073.96919, -78.96910,
,,,1075.20222, -76.96910,
,,,1076.43525, -80.96910,
,,,1077.66828, -76.56910,
,,,1078.90131, -78.96910,
,,,1080.13434, -80.96910,
,,,1081.36737, -80.96910,
,,,1082.60040, -78.16910,
,,,1083.83343, -76.96910,
,,,1085.06646, -74.96910,
,,,1086.29949, -80.56910,
,,,1087.53252, -76.96910,
,,,1088.76555, -75.76910,
,,,1089.99858, -74.96910,
,,,1091.23161, -80.56910,
,,,1092.46464, -80.96910,
,,,1093.69767, -73.76910,
,,,1094.93070, -79.76910,
,,,1096.16373, -70.16910,
,,,1097.39676, -68.96910,
,,,1098.62979, -76.96910,
,,,1099.86282, -74.56910,
,,,1101.09585, -68.96910,
,,,1102.32888, -69.36910,
,,,1103.56191, -58.56910,
,,,1104.79494, -63.76910,
,,,1106.02797, -61.76910,
,,,1107.26100, -50.96910,
,,,1108.49403, -58.56910,
,,,1109.72706, -50.16910,
,,,1110.96009, -54.96910,
,,,1112.19312, -44.96910,
,,,1113.42615, -46.56910,
,,,1114.65918, -54.16910,
,,,1115.89221, -59.36910,
,,,1117.12524, -66.16910,
,,,1118.35827, -70.96910,
,,,1119.59130, -63.76910,
,,,1120.82433, -61.76910,
,,,1122.05736, -72.16910,
,,,1123.29039, -76.56910,
,,,1124.52342, -65.76910,
,,,1125.75645, -73.76910,
,,,1126.98948, -73.76910,
,,,1128.22251, -80.96910,
,,,1129.45554, -76.96910,
,,,1130.68857, -70.56910,
,,,1131.92160, -74.96910,
,,,1133.15463, -80.96910,
,,,1134.38766, -75.76910,
,,,1135.62069, -79.76910,
,,,1136.85372, -80.96910,
,,,1138.08675, -80.96910,
,,,1139.31978, -73.76910,
,,,1140.55281, -77.36910,
,,,1141.78584, -78.16910,
,,,1143.01887, -80.56910,
,,,1144.25190, -76.16910,
,,,1145.48493, -77.76910,
,,,1146.71796, -80.96910,
,,,1147.95099, -80.96910,
,,,1149.18402, -80.56910,
,,,1150.41705, -80.96910,
,,,1151.65008, -80.56910,
,,,1152.88311, -80.56910,
,,,1154.11614, -80.96910,
,,,1155.34917, -80.96910,
,,,1156.58220, -80.96910,
,,,1157.81523, -80.96910,
,,,1159.04826, -76.96910,
,,,1160.28129, -77.76910,
,,,1161.51432, -80.96910,
,,,1162.74735, -80.96910,
,,,1163.98038, -80.96910,
,,,1165.21341, -80.96910,
,,,1166.44644, -80.96910,
,,,1167.67947, -80.96910,
,,,1168.91250, -80.96910,
,,,1170.14553, -80.96910,
,,,1171.37856, -80.96910,
,,,1172.61159, -80.96910,
,,,1173.84462, -79.76910,
,,,1175.07765, -78.16910,
,,,1176.31068, -80.96910,
,,,1177.54371, -78.16910,
,,,1178.77674, -80.96910,
,,,1180.00977, -79.76910,
,,,1181.24280, -80.96910,
,,,1182.47583, -78.96910,
,,,1183.70886, -80.96910,
,,,1184.94189, -77.36910,
,,,1186.17492, -80.96910,
,,,1187.40795, -79.76910,
,,,1188.64098, -75.76910,
,,,1189.87401, -79.76910,
,,,1191.10704, -80.96910,
,,,1192.34007, -80.96910,
,,,1193.57310, -74.16910,
,,,1194.80613, -76.96910,
,,,1196.03916, -80.96910,
,,,1197.27219, -76.56910,
,,,1198.50522, -80.96910,
,,,1199.73825, -68.16910,
,,,1200.97128, -67.76910,
,,,1202.20431, -64.16910,
,,,1203.43734, -70.56910,
,,,1204.67037, -58.96910,
,,,1205.90340, -75.76910,
,,,1207.13643, -61.76910,
,,,1208.36946, -57.36910,
,,,1209.60249, -60.56910,
,,,1210.83552, -40.16910,
,,,1212.06855, -56.96910,
,,,1213.30158, -50.16910,
,,,1214.53461, -64.56910,
,,,1215.76764, -64.96910,
,,,1217.00067, -54.56910,
,,,1218.23370, -64.16910,
,,,1219.46673, -60.56910,
,,,1220.69976, -69.36910,
,,,1221.93279, -69.76910,
,,,1223.16582, -73.76910,
,,,1224.39885, -71.36910,
,,,1225.63188, -72.96910,
,,,1226.86491, -80.96910,
,,,1228.09794, -74.96910,
,,,1229.33097, -80.96910,
,,,1230.56400, -80.96910,
,,,1231.79703, -79.76910,
,,,1233.03006, -80.96910,
,,,1234.26309, -80.96910,
,,,1235.49612, -78.16910,
,,,1236.72915, -80.56910,
,,,1237.96218, -80.96910,
,,,1239.19521, -80.96910,
,,,1240.42824, -80.96910,
,,,1241.66127, -80.96910,
,,,1242.89430, -75.76910,
,,,1244.12733, -80.96910,
,,,1245.36036, -80.96910,
,,,1246.59339, -80.96910,
,,,1247.82642, -78.96910,
,,,1249.05945, -80.96910,
,,,1250.29248, -80.96910,
,,,1251.52551, -80.96910,
,,,1252.75854, -80.96910,
,,,1253.99157, -80.96910,
,,,1255.22460, -80.96910,
,,,1256.45763, -80.96910,
,,,1257.69066, -80.96910,
,,,1258.92369, -79.76910,
,,,1260.15672, -80.96910,
,,,1261.38975, -80.96910,
